bounceRate,uniquePageviews,avgTimeOnPage,sale_class,year,asking_price,Month(date_added),weekday(date_added),dayOfMonth(date_added),daysOnWeb
58.3333333333333,243,163.18691588785,Used,2014,23995,8,1,28,161
70,223,174.712574850299,Used,2013,9995,8,1,28,134
76,192,216.705882352941,Used,2018,24995,9,5,1,153
76.9230769230769,166,119.732824427481,New,2017,27143,10,1,30,2
69.4444444444444,178,133.033898305085,Used,2015,21995,9,5,8,90
71.4285714285714,158,187.675,Used,2008,7995,7,0,2,92
66.6666666666667,163,181.561403508772,Used,2018,32995,8,4,3,134
62.5,125,130.489583333333,Used,2012,22995,11,1,27,63
68.421052631579,119,265.388888888889,Used,2011,12995,12,3,6,37
61.5384615384615,128,184.472222222222,Used,2016,25995,12,6,23,46
31.25,122,277.46875,Used,2014,12995,10,1,2,108
73.3333333333333,118,197.071428571429,Used,2017,23995,4,2,4,264
70.3703703703704,124,131.29347826087,Used,2012,13995,6,1,12,70
50,109,132.915789473684,Used,2008,4995,8,3,9,104
90,117,141.30303030303,Used,2017,39995,4,2,4,223
28.5714285714286,98,187.547368421053,Used,2014,21995,12,1,18,16
50,110,168.336956521739,Used,2013,9995,11,4,2,79
63.6363636363636,94,154.181818181818,Used,2017,36900,5,1,29,177
40,86,169.728260869565,Used,2014,25995,8,5,11,76
85.7142857142857,100,199.567164179104,Used,2011,14995,12,5,15,47
60,96,76.4266666666667,New,2017,34633,6,5,30,83
64.7058823529412,86,184.313725490196,Used,2016,15995,4,2,4,133
61.5384615384615,83,178.232876712329,Used,2015,28995,4,2,25,110
58.6206896551724,79,246.240740740741,Used,2011,4995,4,2,4,106
81.8181818181818,91,168.746031746032,Used,2018,21995,9,4,7,131
70,78,149.515625,Used,2014,23995,10,1,2,54
75.8620689655172,79,328.536585365854,Used,2017,29995,6,0,4,86
63.6363636363636,86,151.081967213115,Used,2018,53995,10,3,18,73
60,79,131.825396825397,Used,2014,11995,6,0,4,67
54.5454545454545,82,167.148148148148,Used,2017,12995,9,2,12,130
66.6666666666667,74,66.3134328358209,New,2017,31683,10,1,30,2
61.5384615384615,78,122.661016949153,Used,2013,16995,8,5,11,66
62.5,80,150.638888888889,New,2018,42073,4,2,4,123
55.5555555555556,74,137.830769230769,Used,2012,11995,6,5,30,84
40,74,111.622950819672,Used,2015,21995,8,3,16,66
60,70,190.938775510204,Used,2016,28995,6,2,27,61
66.6666666666667,71,127.654545454545,Used,2016,19995,5,1,29,67
37.5,68,176.676923076923,Used,2017,27995,4,2,4,166
92.8571428571429,63,137.34693877551,Used,2017,22995,4,1,17,108
0,70,157.767857142857,Used,2018,25995,5,1,29,190
75,70,148.040816326531,Used,2018,32995,12,5,1,27
100,65,193.061224489796,Used,2017,16748,1,3,3,0
76.3157894736842,66,196.90625,Used,2017,15995,5,3,10,92
16.6666666666667,64,251.236363636364,Used,2015,16995,12,2,5,26
93.75,69,105.853658536585,New,2017,127900,4,2,4,174
71.4285714285714,72,111.638888888889,New,2018,23343,9,4,28,79
46.6666666666667,57,179.34693877551,Used,2015,34995,6,2,27,42
36.3636363636364,52,217.109090909091,Used,2011,12995,12,3,27,15
61.5384615384615,63,196.190476190476,Used,2018,17995,10,2,3,88
55.5555555555556,60,201.45,New,2018,38598,10,3,11,41
100,65,157.127659574468,New,2018,39943,4,0,16,237
60,50,130.869565217391,Used,2015,25995,6,2,13,37
57.1428571428571,58,122.055555555556,Used,2010,13995,5,1,8,87
80,58,203.7,Used,2017,19995,6,3,7,81
28.5714285714286,59,197.224489795918,Used,2003,4995,9,2,12,49
50,55,140.235294117647,Used,2005,11995,7,1,3,14
80,64,128.022222222222,Used,2016,23995,7,4,13,43
80,54,149.3,Used,2015,29995,5,1,29,92
33.3333333333333,62,272.479166666667,Used,2017,27995,4,2,4,284
72.7272727272727,60,274.529411764706,Used,2016,28995,11,3,8,26
25,57,166.377358490566,Used,2016,24995,7,3,19,61
100,59,202.586956521739,Used,2017,15995,10,2,10,64
66.6666666666667,57,56.2093023255814,New,2018,44433,6,2,13,73
90.9090909090909,56,133.852941176471,New,2018,46987,4,2,4,233
37.5,59,152.3,Used,2014,15995,10,3,25,42
83.3333333333333,54,165.075,New,2018,21833,9,5,1,140
100,56,97.2380952380953,Used,2017,11995,5,3,10,111
80,51,143.414634146341,Used,2018,36995,5,1,1,154
75,57,137.340425531915,Used,2017,37900,4,2,4,216
83.3333333333333,54,308.083333333333,Used,2017,27995,8,3,9,84
100,56,143.514285714286,Used,2009,6995,10,1,23,22
36.3636363636364,51,238.121951219512,Used,2015,15995,9,4,14,48
87.5,50,211.323529411765,Used,2016,25995,11,1,27,26
64.7058823529412,46,149.678571428571,Used,2009,66995,4,2,4,98
40,47,147.684210526316,New,2017,34633,10,1,30,2
42.8571428571429,52,233.111111111111,Used,2016,43995,6,0,4,113
50,50,145.823529411765,Used,2018,40995,8,4,3,76
75,52,174.470588235294,Used,2017,42995,9,3,20,8
40,50,155.80487804878,Used,2018,46995,11,5,17,72
41.6666666666667,47,157.380952380952,Used,2011,14995,8,2,29,39
71.4285714285714,49,235.484848484848,Used,2016,27995,10,1,30,21
60,46,131.805555555556,Used,2016,20995,4,2,4,127
61.5384615384615,41,328.185185185185,Used,2015,29995,8,1,21,8
100,50,166.371428571429,Used,2015,25995,5,1,29,72
100,49,113.567567567568,New,2018,42925,5,1,29,173
50,43,85.3428571428571,Used,2015,24995,6,0,4,68
33.3333333333333,44,156.666666666667,Used,2016,22995,1,1,29,9
50,48,197.757575757576,Used,2018,37995,11,5,17,45
81.8181818181818,44,175.322580645161,Used,2009,8995,9,1,25,29
50,47,215.758620689655,Used,2017,36995,4,2,4,153
75,45,142.964285714286,Used,2017,17995,4,2,4,134
75,46,323.818181818182,Used,2015,16995,12,2,5,30
33.3333333333333,36,116.53488372093,Used,2009,10995,6,0,4,49
60,44,107.212121212121,New,2018,39878,6,5,23,101
100,47,218.25641025641,Used,2017,19995,10,2,3,64
40,40,232.682926829268,Used,2014,14995,6,4,22,42
100,40,139.782608695652,Used,2016,25995,6,1,19,45
75,42,140.789473684211,Used,2015,23995,1,2,16,15
50,41,86.4358974358974,Used,2010,14990,5,1,15,80
78.5714285714286,44,69.6551724137931,Used,2014,25995,8,3,23,20
100,44,102.185185185185,New,2018,39943,5,3,10,217
66.6666666666667,44,182.791666666667,Used,2013,10995,4,2,4,121
66.6666666666667,42,178.263157894737,Used,2014,21995,4,2,4,132
80,40,222.647058823529,Used,2018,26995,9,1,18,40
90,42,166.652173913043,Used,2011,29995,7,5,7,27
100,41,145.074074074074,New,2018,30470,4,2,18,263
88.8888888888889,41,111.5,Used,2014,21995,10,2,10,21
50,40,99.1111111111111,Used,2017,34995,11,1,6,25
25,41,161.285714285714,New,2018,35028,5,3,10,212
86.6666666666667,35,263.411764705882,Used,2015,29995,9,4,7,39
66.6666666666667,37,80.12,Used,2010,11995,12,3,6,6
55.5555555555556,36,219.08,Used,2017,32995,6,1,19,120
20,37,199.242424242424,Used,2013,13995,12,4,14,20
62.5,38,107.884615384615,Used,2007,7995,8,2,15,30
60,35,161.296296296296,Used,2017,37900,5,1,29,142
72.7272727272727,38,107.416666666667,Used,2013,21995,9,4,21,35
71.4285714285714,37,236.225806451613,Used,2015,16995,1,5,5,3
60,32,359.736842105263,Used,2012,10995,4,2,4,101
100,37,162.444444444444,New,2018,23493,12,5,29,34
100,37,200.208333333333,Used,2010,14995,1,1,22,14
0,36,177.666666666667,Used,2016,13995,11,2,7,21
20,27,137.387096774194,Used,2018,38995,4,2,4,126
50,31,127.903225806452,Used,2014,10995,4,2,4,121
0,35,149.266666666667,Used,2017,19995,1,2,16,22
33.3333333333333,33,162.08,Used,2014,14995,1,3,3,10
100,36,283.935483870968,Used,2016,27995,12,6,30,23
33.3333333333333,33,133,New,2019,43298,11,4,23,61
80,36,152.714285714286,Used,2017,31995,4,2,4,121
0,31,117,New,2018,34778,7,6,22,132
73.3333333333333,32,130.470588235294,Used,2016,32995,6,0,4,43
50,31,199.916666666667,Used,2013,11995,12,4,21,13
100,31,63.1739130434783,New,2018,26948,4,2,4,251
0,31,244.037037037037,Used,2015,29995,11,3,1,21
66.6666666666667,31,190.6,Used,2016,27995,11,1,27,17
71.4285714285714,26,207.142857142857,Used,2017,16995,9,3,27,26
50,33,145.368421052632,Used,2017,39995,8,2,15,77
33.3333333333333,34,106.481481481481,Used,2010,13995,8,5,18,33
0,34,62.1851851851852,New,2018,66743,6,0,4,235
100,32,80.8947368421053,New,2019,45298,10,1,16,82
50,31,330,Used,2010,17995,11,3,1,26
50,31,303.136363636364,Used,2018,43995,10,1,23,42
83.3333333333333,28,171.176470588235,New,2018,25078,6,2,27,25
33.3333333333333,29,111.565217391304,New,2017,16748,4,2,4,219
0,29,272.227272727273,Used,2018,27995,8,5,11,163
100,29,286.545454545455,Used,2013,17995,8,1,28,12
0,28,97.8965517241379,Used,2017,15995,6,0,4,86
80,22,306.826086956522,Used,2016,29995,8,3,30,13
100,25,138.571428571429,Used,2016,42995,6,0,4,60
62.5,29,243.277777777778,Used,2018,36995,8,4,3,72
0,27,136.916666666667,Used,2018,39995,8,3,23,58
0,26,140.192307692308,Used,2017,30995,5,2,2,226
100,28,199.166666666667,Used,2018,25995,11,1,13,33
100,27,36.5,New,2018,44598,7,5,14,20
100,30,83.1764705882353,Used,2018,24995,4,2,4,269
0,24,110.333333333333,New,2018,38943,8,4,24,163
50,27,120.684210526316,New,2018,39078,8,4,24,138
0,25,79.5652173913043,New,2018,44598,7,5,14,20
71.4285714285714,29,163.923076923077,Used,2010,9995,10,3,18,14
0,23,81.4761904761905,Used,2015,25995,11,3,1,31
90,27,272.428571428571,Used,2015,14995,1,3,24,8
60,23,161.55,Used,2017,29995,10,2,3,21
50,26,131.222222222222,New,2018,23343,8,5,25,60
100,28,61.6842105263158,New,2018,45093,5,3,10,266
100,25,153.5,Used,2013,17995,7,0,2,33
100,26,77.6190476190476,New,2018,34633,6,3,28,168
75,26,218.1,New,2019,42733,10,5,20,78
90.9090909090909,26,37.8888888888889,Used,2017,15995,4,2,4,122
72.7272727272727,25,177.083333333333,New,2017,50743,9,5,22,39
75,22,30.7692307692308,New,2018,42033,7,6,22,12
100,24,109.235294117647,New,2018,51278,4,2,4,259
50,22,150.866666666667,Used,2015,13995,7,5,7,27
33.3333333333333,25,157.947368421053,Used,2015,15995,6,2,20,48
100,25,185.733333333333,Used,2019,48995,1,3,3,11
71.4285714285714,23,313.454545454545,Used,2015,53995,8,3,30,20
0,14,88.3684210526316,New,2017,34043,6,2,6,28
100,23,57.7272727272727,New,2018,78298,9,3,13,114
75,23,475.666666666667,Used,2015,25995,9,1,25,11
25,23,91.4444444444444,Used,2016,13995,4,2,4,106
0,22,85.65,Used,2017,14995,4,5,14,137
0,20,118.35,Used,2018,43995,5,1,29,71
66.6666666666667,23,194.947368421053,Used,2017,37900,4,2,4,214
0,20,116.095238095238,New,2018,34778,10,5,27,81
100,20,49.25,New,2018,51278,4,2,4,302
0,23,128.470588235294,Used,2014,11995,12,4,21,18
50,19,253.615384615385,Used,2014,82995,8,4,31,21
70,22,306.583333333333,Used,2015,37888,9,4,21,12
100,20,151.428571428571,Used,2017,19995,9,4,7,24
100,21,201.875,Used,2017,21995,12,5,15,20
50,22,244.769230769231,Used,2009,9995,1,3,3,7
0,20,241.470588235294,Used,2008,6995,10,2,24,23
50,23,114.909090909091,New,2018,41783,8,4,3,35
75,19,158.166666666667,Used,2014,21995,9,5,1,42
0,22,97.0625,New,2018,23658,6,5,23,164
100,16,378.857142857143,Used,2016,24995,7,1,10,27
100,18,391.545454545455,Used,2017,19995,9,4,7,20
100,21,173,New,2018,42198,9,4,14,33
0,20,79.5714285714286,New,2018,44140,4,2,4,290
100,20,123,Used,2015,17995,9,5,29,8
0,15,40.4444444444444,New,2019,45298,11,4,16,57
0,21,138.785714285714,New,2019,40466,10,5,20,101
75,19,94.2,Used,2016,26995,8,4,3,10
0,20,139.789473684211,Used,2015,27995,6,0,4,40
0,21,236.4375,Used,2016,25995,11,1,20,7
100,19,51.7777777777778,New,2018,23328,12,3,20,25
66.6666666666667,19,110.583333333333,New,2018,29833,5,1,29,222
0,19,132.066666666667,New,2018,33028,11,3,29,2
0,20,115.769230769231,New,2019,44998,10,3,25,65
0,19,132.666666666667,Used,2008,15888,11,4,9,1
0,20,84.7222222222222,Used,2017,37900,5,2,2,169
100,20,113.9375,Used,2017,34383,5,1,29,171
55.5555555555556,17,387.375,Used,2014,15995,6,1,19,12
100,20,97,New,2018,44037,4,5,7,302
100,20,46.625,New,2018,70743,4,2,4,302
0,17,96,New,2018,32098,5,1,29,57
33.3333333333333,18,164.411764705882,Used,2017,36900,5,1,29,74
100,18,58.1538461538462,Used,2014,96995,9,3,6,34
0,18,263.2,Used,2017,22995,11,1,6,0
50,16,73.5384615384615,New,2017,56280,6,2,6,28
100,17,75.4285714285714,New,2018,36678,4,5,28,247
0,16,51.6153846153846,New,2018,48393,4,2,4,233
0,19,95.3846153846154,New,2018,47478,4,2,18,271
0,18,282.882352941176,Used,2018,29995,8,3,30,43
0,17,155.923076923077,New,2018,18298,9,5,15,63
0,17,73.7,New,2018,43740,4,2,4,288
0,17,112.818181818182,Used,2017,32995,4,2,4,121
0,17,195.733333333333,Used,2012,11995,6,0,4,49
0,19,153.5,Used,2017,22995,11,5,17,19
66.6666666666667,16,150.333333333333,New,2018,31143,8,5,11,51
100,14,97.3333333333333,Used,2016,14995,8,5,11,21
0,15,225.9,New,2018,23328,8,5,4,10
50,15,168.142857142857,Used,2016,24995,4,2,4,102
100,16,73.4615384615385,New,2018,40043,5,1,29,94
100,18,107.545454545455,Used,2017,37900,4,2,4,209
0,17,67.3846153846154,New,2017,46743,4,2,4,121
100,17,56.9230769230769,New,2018,45093,5,3,10,267
100,16,123.25,Used,2015,24995,9,2,5,23
100,16,169.846153846154,Used,2012,4995,4,2,4,90
100,17,28.2,New,2018,47478,4,2,4,268
50,16,48.6666666666667,New,2018,77103,8,5,25,115
100,17,551,Used,2017,33995,5,1,29,105
0,15,167.692307692308,Used,2017,16995,9,4,7,34
60,12,68,New,2018,17823,8,4,3,45
83.3333333333333,15,68.5,New,2018,35478,4,2,4,155
0,15,61.5,New,2018,48393,4,2,4,287
40,14,469.428571428572,New,2018,51443,4,2,18,165
0,16,53.8,New,2018,27633,6,3,28,187
0,16,101.333333333333,New,2018,39878,6,0,4,120
66.6666666666667,12,519.625,New,2019,33643,1,1,8,21
0,15,106.923076923077,Used,2017,38995,4,2,4,98
33.3333333333333,13,72.0833333333333,Used,2015,43995,6,0,4,31
0,14,205.454545454545,Used,2018,23995,11,5,17,10
100,12,406.142857142857,New,2018,25393,7,6,22,12
0,14,52.125,New,2018,43928,4,2,4,267
0,14,46.75,New,2018,44093,4,2,4,234
0,14,34.5,New,2018,29998,5,1,29,185
0,13,48.875,New,2018,32733,6,5,23,155
0,13,47.2222222222222,New,2018,29698,6,2,27,225
66.6666666666667,14,598.8,New,2018,66025,6,0,4,190
100,15,230.875,New,2019,42733,10,5,20,80
40,13,326.454545454545,Used,2013,18995,8,3,30,17
0,10,78.3333333333333,New,2018,32943,4,2,25,157
0,11,230.5,New,2018,40043,6,0,4,89
100,13,73.875,New,2019,36633,11,3,15,10
0,12,163.285714285714,Used,2015,25995,5,1,15,66
0,14,78.0714285714286,Used,2017,38900,5,1,29,85
0,13,104.636363636364,New,2018,37428,4,2,4,281
0,10,35.6666666666667,Used,2007,0,7,1,24,10
0,13,86.2222222222222,New,2018,51028,4,2,4,258
0,12,220.777777777778,New,2018,24533,4,2,4,150
100,12,33.8333333333333,New,2018,29833,5,1,29,159
0,13,54,New,2018,29833,6,4,29,197
100,12,67.2857142857143,New,2018,66578,4,2,25,251
100,13,83.75,New,2019,37278,12,5,15,26
0,11,75.6363636363636,New,2019,45298,11,2,7,73
83.3333333333333,11,18.8,New,2019,45298,11,5,10,59
0,12,19.4,New,2019,43298,11,4,23,57
0,12,196,Used,2017,15995,9,4,7,62
0,11,89.8181818181818,New,2018,37428,4,2,4,298
0,11,75.8571428571429,New,2018,20143,9,5,15,33
100,12,470.666666666667,New,2018,25228,9,4,21,16
100,10,62.3333333333333,New,2018,44433,9,5,1,14
0,11,57.5,Used,2016,14995,9,5,29,7
0,12,53.9,New,2018,29833,5,1,29,175
0,10,159.777777777778,Used,2013,11995,8,4,31,21
0,12,57.2222222222222,New,2018,39878,6,0,4,120
0,11,63.1666666666667,New,2019,17598,1,1,1,24
0,12,61,New,2019,38833,10,3,25,33
100,12,257.8,Used,2013,33995,6,0,4,26
0,12,92.1818181818182,Used,2017,38900,5,1,29,84
50,12,231.25,Used,2018,28995,8,2,22,1
50,9,200.888888888889,Used,2017,19995,9,4,14,7
100,11,33.3333333333333,New,2018,48228,4,2,4,190
100,10,47.2857142857143,New,2018,38278,4,2,4,146
100,10,137.8,Used,2015,19995,8,5,11,17
0,11,105.2,New,2018,36128,4,2,4,215
0,10,120.1,Used,2010,17995,6,0,4,27
100,8,82.2222222222222,New,2018,21958,4,2,4,135
0,11,90.1111111111111,New,2018,38840,4,2,4,211
0,11,180.571428571429,Used,2019,31888,6,2,27,136
0,10,115.428571428571,New,2018,36995,4,2,4,303
0,11,147.25,Used,2017,37900,4,2,4,182
0,11,101.222222222222,Used,2015,12995,7,4,20,14
0,9,55.375,Used,2017,41510,1,3,3,0
66.6666666666667,6,62.4285714285714,New,2018,40278,5,1,29,101
100,9,650,New,2018,25228,8,5,4,15
50,8,321.666666666667,New,2018,20143,8,3,16,9
66.6666666666667,10,12.5,New,2018,42198,9,5,15,16
0,9,46.4285714285714,New,2018,47478,4,2,4,267
0,8,96.6,Used,2014,16995,11,2,14,3
0,10,98.8,New,2018,32733,6,5,30,68
0,9,225.75,New,2018,36643,12,3,20,4
100,9,392,New,2018,42090,4,2,4,173
100,7,462.5,Used,2015,18995,6,3,7,47
0,9,121.666666666667,Used,2017,37900,5,1,29,126
0,8,443.857142857143,Used,2018,30995,9,4,7,19
0,9,632.166666666667,Used,2017,15995,9,4,7,18
0,9,58.6666666666667,New,2018,48265,4,2,4,214
0,9,55.5,New,2018,40143,4,2,4,150
0,8,95.4285714285714,New,2018,23493,9,5,15,39
100,9,75.3333333333333,New,2018,44433,7,3,12,10
100,8,254.666666666667,New,2018,44433,8,4,17,12
0,9,87.5,New,2018,44843,4,2,4,210
100,8,66.1666666666667,New,2018,46878,4,2,25,159
0,8,237.8,New,2018,46878,12,5,29,38
0,8,100.5,New,2018,47478,4,5,28,211
0,9,104.375,New,2018,41978,12,2,19,39
0,9,157.5,New,2018,32733,6,2,20,70
0,8,85.5,New,2018,29833,6,5,30,167
75,9,39.25,New,2018,34633,9,3,6,119
0,7,79.4444444444444,New,2018,25133,9,4,21,42
0,8,98.875,Used,2011,9888,12,1,18,3
0,8,359.4,New,2018,21393,6,5,23,72
0,7,212.666666666667,New,2018,23393,6,2,27,123
0,9,51.5555555555556,New,2019,25693,1,1,8,23
100,9,48.6,New,2019,45298,11,4,23,43
0,6,67.7777777777778,New,2019,45298,1,3,10,21
0,7,225.714285714286,Used,2017,46793,4,2,4,106
100,9,93,Used,2007,8995,7,4,20,4
0,9,38.1428571428571,Used,2017,46793,5,1,29,49
0,9,174.666666666667,Used,2018,39995,8,4,3,13
0,9,66.3333333333333,Used,2015,9995,8,3,16,8
0,7,150.714285714286,Used,2017,19995,9,4,7,15
100,7,51.6666666666667,New,2018,38598,6,2,20,7
100,8,99.6666666666667,New,2018,40278,4,2,4,161
0,6,515,New,2018,27543,8,3,9,22
0,8,64.4,New,2018,47643,4,2,4,174
0,7,43.1666666666667,New,2018,51443,4,2,4,244
0,7,38.1428571428571,New,2018,29833,6,0,4,211
0,8,57.375,New,2018,29833,6,0,4,71
0,6,477.2,New,2018,29833,6,5,16,96
100,7,68.5,Used,2015,22995,6,5,16,12
100,8,76.25,Used,2016,15995,4,2,4,97
100,7,110.5,New,2018,30628,4,2,4,180
0,7,140,New,2018,23958,6,5,16,125
0,8,26.3333333333333,New,2018,60028,4,2,4,302
0,8,42,New,2019,20143,1,1,15,10
0,8,129.666666666667,New,2019,43298,11,5,10,61
0,7,36.6666666666667,New,2019,39233,11,5,10,21
0,8,91.4285714285714,New,2019,36578,10,5,27,92
0,8,185.25,New,2019,21998,1,1,8,10
0,6,89.1428571428571,Used,2018,26995,4,2,4,83
0,8,90.3333333333333,Used,2012,16995,7,1,24,10
0,6,33,New,2017,28133,4,2,4,91
0,6,35.4,New,2018,34643,10,5,27,55
100,7,0,New,2018,44598,8,2,15,7
0,4,164,New,2018,44598,11,3,1,4
0,6,705.5,New,2018,46793,4,2,4,251
66.6666666666667,7,463.333333333333,New,2018,44843,4,2,4,167
0,4,186.142857142857,New,2018,43928,10,5,6,58
0,6,53.8,New,2018,25133,6,3,14,81
0,7,93.1428571428571,New,2018,34633,8,4,3,153
100,7,85.2,New,2018,32778,5,3,10,182
50,7,53.5,Used,2016,28995,9,1,25,6
100,6,70,New,2018,39870,5,3,10,173
100,7,33.5,New,2018,30628,4,3,19,163
0,7,358.6,Used,2013,15888,11,3,1,3
0,5,38.1666666666667,New,2018,23043,4,2,4,189
0,7,102.75,New,2018,22558,6,3,28,131
0,5,158.5,New,2018,22393,8,4,3,88
0,6,55,New,2018,70493,4,2,4,216
0,5,402.25,New,2018,69943,6,5,9,118
0,7,47.1666666666667,New,2018,21698,11,3,1,18
0,4,43.7142857142857,New,2019,25543,1,1,8,25
0,6,21.6,New,2019,43598,11,5,24,44
0,7,45.2857142857143,New,2019,45298,11,5,24,52
0,4,12,New,2019,45298,12,4,28,17
0,7,32.1666666666667,New,2019,45298,1,3,10,21
0,6,254.333333333333,New,2019,29343,10,5,27,33
0,6,18,New,2019,28043,12,3,13,56
0,5,91.2,Used,2013,14995,6,0,4,27
0,5,244.833333333333,Used,2017,18995,5,3,10,73
0,5,324.6,Used,2007,6995,9,1,18,8
0,6,176.5,New,2018,34778,4,2,4,180
0,5,55.5,New,2018,38275,5,3,10,199
0,5,122,New,2018,37778,7,3,19,147
0,6,41.75,New,2018,134750,5,1,29,49
0,5,26.4,New,2018,20278,6,2,27,5
100,6,0,New,2018,20278,9,4,14,7
0,6,276.2,New,2018,46793,4,2,4,156
0,5,27.3333333333333,New,2018,46878,4,2,4,193
0,6,93.5,Used,2014,26995,6,3,28,24
0,6,134.5,Used,2017,29995,4,2,4,106
0,6,39,New,2018,34383,4,2,4,174
0,5,84.5,New,2018,26598,4,2,4,111
0,6,23,New,2018,27798,5,1,29,153
100,6,51.5,New,2018,29833,6,5,9,222
0,5,52,New,2018,27333,9,4,21,41
100,6,35.4,New,2018,33028,4,2,4,221
0,6,96.25,New,2018,36378,4,0,16,213
0,6,120.5,New,2018,36543,4,1,24,207
50,5,199,New,2018,39378,6,3,14,50
0,2,59.3333333333333,New,2018,28443,7,4,13,48
0,5,84.5,New,2018,23093,5,1,29,134
0,6,72.4,New,2018,66743,4,2,4,289
0,5,642.75,New,2019,45298,10,1,16,16
66.6666666666667,6,15,New,2019,43298,11,2,7,60
0,5,51,New,2019,43133,11,4,23,22
0,6,67.3333333333333,New,2019,29793,10,5,27,68
100,6,17,New,2019,30043,11,1,20,33
0,5,169.333333333333,Used,2014,26995,5,1,29,27
0,6,27.75,Used,2018,40995,11,0,26,5
100,4,34,New,2017,16748,4,2,4,100
0,5,119,Used,2016,22995,9,5,8,20
0,5,61.6,New,2018,39078,8,4,24,66
0,5,54.3333333333333,New,2018,23493,8,4,3,8
100,5,106.666666666667,New,2018,44598,7,4,13,5
0,4,91,New,2018,44598,8,4,17,9
0,4,66.75,New,2018,42033,8,4,24,8
0,5,16.2,New,2018,44678,4,2,4,150
0,4,128.75,Used,2007,15995,9,1,18,4
0,4,164.5,New,2018,46878,4,2,4,193
0,5,147.666666666667,New,2018,44093,4,2,4,195
0,5,53.75,New,2018,44037,5,3,10,156
0,5,57,Used,2016,31995,12,4,28,6
0,4,238,Used,2015,31995,6,0,4,27
0,5,87.4,New,2018,34633,6,0,4,102
0,5,42.75,New,2018,29833,6,3,28,166
0,4,40,New,2018,29833,7,2,11,136
0,5,44.25,New,2018,24998,7,5,14,50
0,4,48.6666666666667,New,2018,27333,8,3,23,100
0,4,46.2,Used,2007,8995,6,0,4,20
0,5,87,New,2018,38528,4,2,4,215
0,5,166.25,New,2018,30378,5,3,10,127
0,5,41.4,New,2018,39778,4,5,21,122
0,4,48.75,New,2018,35678,5,1,29,95
0,5,11,New,2018,39378,6,5,16,61
0,5,22,New,2018,39878,6,4,29,35
0,5,18,New,2018,39378,1,1,29,2
0,5,185.333333333333,New,2018,22258,6,2,20,134
0,5,313,New,2018,22258,6,4,29,125
0,5,33.75,New,2018,60028,4,2,4,240
0,4,294.75,New,2018,38840,4,2,4,150
0,5,3,New,2019,38698,10,3,11,40
0,5,29,New,2019,38998,10,3,11,23
0,5,960,New,2019,38833,10,3,25,33
0,5,80.3333333333333,New,2019,45298,11,1,20,28
0,4,12.3333333333333,New,2019,43298,11,5,24,52
100,5,10,New,2019,45298,12,1,18,22
0,5,133,New,2019,43133,1,3,10,19
0,4,58,New,2019,40466,10,5,6,87
100,4,284.75,New,2019,39966,10,3,11,84
100,5,289,New,2019,37031,10,1,16,46
100,4,15,New,2019,36743,11,3,1,85
0,3,290,Used,2015,11995,7,5,7,1
0,5,162.5,Used,2015,25995,8,1,14,2
0,5,32.4,Used,2017,18995,4,2,4,106
0,5,128,Used,2017,38900,4,2,4,132
0,5,101,Used,2017,15995,10,2,3,23
100,5,67.5,Used,2016,25991,12,5,1,7
0,4,73.25,Used,2016,25995,12,5,1,4
0,3,39.5,New,2017,46628,6,2,6,23
0,1,39,New,2018,31443,5,1,29,36
0,3,71,New,2018,34943,7,5,14,24
0,4,204.75,New,2018,34643,10,5,27,96
0,3,17.3333333333333,Used,2013,22995,1,5,12,1
0,3,204.5,New,2018,25228,6,4,29,2
0,3,431.666666666667,New,2018,20278,6,4,29,6
100,4,0,New,2018,25228,7,5,7,10
100,3,37.6666666666667,New,2018,23178,8,5,11,4
0,3,157,New,2018,23178,9,4,21,13
0,3,35.6666666666667,New,2018,23493,12,5,1,6
0,4,27,New,2018,44598,7,3,12,8
100,4,114.5,New,2018,42033,9,3,6,7
0,4,77.75,New,2018,44598,9,3,13,12
100,3,516.5,New,2018,42198,9,4,14,15
100,4,15,New,2018,44843,4,2,4,182
0,4,42,Used,2015,30888,1,1,29,0
0,3,240.666666666667,New,2018,28843,8,2,29,37
0,4,49.25,New,2018,48393,4,2,4,205
100,4,11.5,Used,2012,14995,9,1,25,7
0,4,270.666666666667,New,2018,51443,4,2,4,239
0,4,76.5,New,2018,47643,4,2,25,195
0,4,36.5,New,2018,26783,4,2,4,157
0,4,11.6666666666667,New,2018,29998,4,4,20,195
0,3,22.6666666666667,New,2018,29833,5,2,9,167
0,4,285.333333333333,New,2018,29833,5,3,10,145
0,4,47.5,New,2018,29698,6,0,4,136
0,4,38.5,New,2018,34633,8,4,3,103
0,4,80.3333333333333,New,2018,39278,4,2,4,169
0,4,142,New,2018,39278,4,2,4,110
0,4,382,New,2018,39278,4,2,4,141
0,3,216.5,New,2018,34493,4,2,4,165
0,4,71.3333333333333,Used,2005,0,7,6,22,2
0,4,11.5,New,2018,39378,5,1,29,66
0,4,106.5,New,2018,39878,6,0,4,89
0,4,61.6666666666667,New,2018,39543,6,2,20,44
0,4,41.6666666666667,New,2018,30778,7,6,22,100
0,4,29.5,New,2018,33243,10,3,4,28
0,4,21.5,New,2018,23658,7,3,19,128
0,3,30.75,New,2018,57393,4,2,4,232
0,2,624,New,2018,60028,4,2,4,210
0,4,308,New,2018,66578,4,2,25,260
0,4,52.25,New,2018,20533,7,5,7,17
0,3,99.75,New,2018,20298,7,2,25,13
0,3,143,New,2019,17733,1,2,23,5
100,4,682.5,New,2019,20443,12,4,28,6
0,4,114,New,2019,42898,10,5,27,37
0,4,8.66666666666667,New,2019,43298,11,5,10,61
0,4,11.5,New,2019,43298,12,4,7,39
0,3,28.3333333333333,New,2019,33798,1,2,16,9
0,4,21.6666666666667,New,2019,40466,10,2,3,86
0,3,634,New,2019,36578,11,3,8,84
0,4,15.5,Used,1989,0,8,4,17,1
0,2,88,Used,2008,9995,6,1,26,1
0,4,127.25,Used,2017,36995,8,3,23,22
0,3,80,Used,2018,28995,9,4,7,22
0,4,37.5,Used,2018,39995,9,4,7,9
0,3,51.3333333333333,New,2017,46793,6,2,6,28
0,3,178.5,New,2017,43745,4,2,4,91
0,3,97,New,2018,40278,4,5,7,128
0,3,34.3333333333333,New,2018,44433,8,3,9,6
0,3,94,New,2018,44598,9,5,1,4
0,3,60,New,2018,44598,9,5,22,5
0,3,57.5,New,2018,46793,4,2,4,169
0,3,35,New,2018,44843,4,2,4,211
0,3,42,New,2018,43678,4,2,4,185
0,3,14.5,New,2018,44928,4,1,24,162
100,3,55,New,2018,44093,8,4,3,115
0,3,1117,New,2018,46878,12,4,28,12
0,3,19,New,2018,29293,7,1,24,10
0,3,0,New,2018,29293,9,5,8,23
0,3,550,New,2018,29833,5,2,9,119
0,3,93,New,2018,29833,6,0,4,116
0,3,15,New,2018,32733,6,2,27,57
100,3,19,New,2018,29833,7,2,11,192
0,3,0,New,2018,34798,7,4,13,97
100,3,38,New,2018,25133,7,3,19,53
0,3,64.3333333333333,Used,2014,16995,9,2,19,6
100,3,32,New,2018,34633,7,2,25,83
0,3,12,New,2018,34633,8,4,3,137
0,3,498,New,2018,27333,8,4,3,19
0,3,54,New,2018,25133,8,2,15,6
0,2,14,New,2018,39193,4,3,5,204
0,3,52,Used,2015,22995,5,1,15,44
0,2,77,Used,2017,23995,6,3,7,18
0,2,42,Used,2018,25995,6,3,28,142
66.6666666666667,3,181,New,2018,39278,4,2,4,176
0,3,80.3333333333333,Used,2011,15995,8,2,22,3
0,2,115.666666666667,New,2018,40043,7,2,11,83
100,3,0,New,2018,35678,7,3,12,82
0,3,150.5,New,2018,22258,7,3,19,103
0,3,113.333333333333,New,2018,23793,8,5,11,95
0,3,47.6666666666667,New,2018,60028,4,2,4,111
0,3,47.3333333333333,New,2018,60193,4,2,4,215
0,3,317,New,2018,62378,8,5,11,6
0,2,58.6666666666667,New,2018,20698,8,5,11,3
0,3,53,New,2018,20533,10,3,4,8
0,3,219,New,2019,38833,10,1,16,9
0,3,9,New,2019,45133,10,5,20,10
0,3,94,New,2019,43298,11,4,30,43
0,3,264.333333333333,New,2019,43298,1,1,1,13
0,3,22.5,New,2019,43298,1,3,10,22
100,3,368,New,2019,29793,10,5,27,42
0,3,158,New,2019,40131,10,3,4,28
0,3,190.666666666667,New,2019,31378,12,4,7,27
0,3,11,New,2019,40178,1,1,1,31
0,3,35,Used,2008,14995,7,3,12,5
0,3,137.333333333333,Used,2017,46793,4,2,4,92
0,3,35.5,Used,2011,12995,2,2,6,0
100,3,58,Used,2014,19995,7,6,1,3
0,2,13.5,Used,2008,4995,6,4,29,1
0,3,10.5,Used,2005,0,7,5,14,3
0,3,43.5,Used,2018,19995,10,2,3,23
0,3,8,Used,2018,19995,10,2,3,8
100,3,0,Used,2016,19888,12,5,8,3
0,1,53,New,2017,46628,6,2,6,23
0,2,9,Used,1996,0,7,6,22,2
0,1,899.5,New,2018,17823,10,5,20,3
0,2,83,New,2018,17373,10,1,23,7
0,2,14.5,Used,2007,0,8,1,14,2
0,2,42,New,2018,23043,9,3,6,6
0,2,12,New,2018,23493,9,5,15,7
0,2,21,Used,2001,0,8,1,7,1
0,2,322,New,2018,44598,6,5,16,7
0,2,0,New,2018,44433,7,5,7,6
0,2,56.5,New,2018,44598,8,4,24,8
0,2,0,New,2018,42198,9,5,8,5
0,2,5,Used,2011,15995,8,3,30,2
0,2,9.5,New,2018,44093,4,2,4,151
0,2,2.5,New,2018,44093,4,1,10,160
0,2,0,New,2018,46878,4,0,16,157
0,2,36.5,Used,2016,33888,9,1,25,1
0,2,25.5,New,2018,44093,10,3,11,67
0,2,63,New,2018,29293,5,2,2,61
0,2,154,New,2018,29293,8,3,9,6
0,2,87,New,2018,29710,10,2,3,13
0,2,80,New,2018,29710,10,1,16,15
0,2,25,New,2018,48228,4,2,4,161
0,2,300.5,New,2018,51028,4,2,4,202
50,2,96,New,2018,48228,4,2,4,154
100,2,67,New,2018,47478,5,3,10,137
0,2,63.5,New,2018,51443,4,2,4,146
0,2,4,New,2018,29833,5,3,10,118
0,2,46,New,2018,27333,6,0,4,60
0,2,265,New,2018,32733,6,2,13,51
100,2,331,New,2018,29698,6,3,14,141
0,2,34,New,2018,29833,6,5,23,90
0,2,0,New,2018,27198,6,4,29,35
0,2,33,New,2018,29833,7,2,11,74
0,2,141,New,2018,29833,7,3,19,141
0,2,118.5,New,2018,34633,8,4,3,116
0,2,21,New,2018,22433,10,1,30,2
0,1,28,New,2018,36128,4,2,4,178
0,1,34,Used,2015,14995,8,3,30,2
0,2,29,New,2018,36128,4,2,4,162
0,1,50,New,2018,33028,4,2,4,134
0,2,22,New,2018,33028,4,2,4,167
0,2,257,New,2018,36543,4,1,10,172
100,2,34,New,2018,34493,4,4,13,141
0,2,50,New,2018,38778,4,0,16,162
0,2,18,New,2018,38943,4,3,19,160
0,2,98,New,2018,35578,4,3,19,134
0,2,0,Used,2015,22995,11,4,30,1
0,2,118.5,New,2018,39543,6,3,28,96
0,2,43,New,2018,30778,7,5,7,102
0,2,0,New,2018,28578,7,5,7,41
0,2,0,New,2018,39878,7,5,14,80
0,2,146,New,2018,28578,8,3,9,23
100,2,92,Used,2010,13995,8,4,24,2
0,2,37,New,2018,34543,8,1,21,42
0,2,388.5,Used,2012,0,8,1,14,2
0,2,23,New,2018,22343,4,5,14,139
0,2,293,New,2018,23793,6,2,20,108
0,1,30,New,2018,23258,7,3,12,68
0,1,202.5,Used,2015,16888,11,4,9,1
0,2,72,New,2018,60278,4,2,4,253
0,2,63,New,2018,70403,6,5,30,34
0,1,14.5,New,2019,38443,12,2,12,3
0,2,313.5,New,2019,33643,12,2,12,7
0,2,197,New,2019,38833,10,3,25,22
0,2,8,New,2019,45298,11,3,8,23
0,2,17.5,New,2019,45298,12,2,19,15
0,2,44,New,2019,33578,10,1,2,30
0,2,135.5,New,2019,28943,10,3,25,37
0,2,52,New,2019,39678,11,3,1,49
0,2,16,New,2019,33743,11,3,1,63
0,2,20.5,New,2019,28943,11,2,7,50
0,2,0,New,2019,31543,11,5,24,40
0,2,0,New,2019,49048,8,3,9,3
0,2,16.5,Used,2008,9995,7,1,10,1
0,2,18,Used,2006,0,8,1,14,2
0,2,22,Used,2016,35995,6,1,26,2
0,2,22,Used,2002,60000,6,2,27,1
0,1,0,Used,2018,27995,9,4,7,13
0,1,0,New,2017,46628,6,2,6,23
0,1,23,New,2017,46878,6,2,6,28
0,1,10,Used,2014,0,11,3,1,1
0,1,39,New,2017,51293,9,3,27,20
0,1,0,New,2017,40833,9,3,27,20
0,1,30,New,2018,17773,10,2,24,4
0,1,0,Used,1999,4995,2,2,6,0
0,1,52,Used,2009,0,9,5,1,1
0,1,4,New,2018,25228,6,2,27,1
0,1,85,Used,2000,0,9,4,21,1
0,1,70,New,2018,23493,10,3,4,2
0,1,61,New,2018,44598,6,2,20,5
0,1,171,New,2018,42033,6,5,23,1
0,1,5,Used,2008,16995,7,4,20,1
0,1,10,New,2018,44598,7,5,14,6
0,1,0,New,2018,42033,8,4,24,3
0,1,12,New,2018,42033,9,3,6,3
0,1,217,New,2018,44298,9,3,6,2
0,1,9,New,2018,42198,9,3,6,8
0,1,0,New,2018,44433,9,4,14,3
0,1,25,New,2018,44598,10,2,10,2
0,1,0,New,2018,44678,4,2,4,177
0,1,4,New,2018,46793,4,2,4,150
0,1,43,Used,2011,22995,6,3,7,16
0,1,19,Used,2005,0,7,2,18,2
0,1,0,Used,2013,14888,1,1,22,5
0,1,23,New,2018,48875,4,2,4,128
0,1,9,New,2018,43928,4,2,25,118
0,1,0,New,2018,44928,5,1,29,152
0,1,0,Used,2014,18888,10,1,30,1
0,1,4,New,2018,46878,8,5,4,58
0,1,1185,New,2018,47043,10,5,20,2
0,1,0,New,2018,43928,10,3,25,24
100,1,0,New,2018,44093,12,4,14,40
0,1,0,New,2018,46878,12,4,28,1
0,1,0,New,2018,37143,4,2,4,140
0,1,281,New,2018,29293,6,2,27,13
0,1,188,New,2018,27543,8,3,30,13
0,1,0,New,2018,29710,10,2,3,19
0,1,0,New,2018,48228,4,2,4,179
0,1,19,New,2018,51193,4,2,4,132
0,1,55,New,2018,48393,4,2,4,169
0,1,0,Used,2014,23995,2,4,1,1
0,1,52,New,2018,47478,4,2,4,184
0,1,57,New,2018,51278,4,4,13,251
0,1,0,Used,2015,24995,8,4,17,1
0,1,37,New,2018,48643,7,5,14,25
0,1,184,Used,2016,13995,5,1,29,27
0,1,0,New,2018,29833,4,5,21,80
0,1,64,New,2018,29998,4,5,28,103
0,1,0,New,2018,27798,5,1,29,66
0,1,20,New,2018,27798,5,1,29,139
0,1,115,New,2018,29833,5,1,29,132
0,1,44,New,2018,25133,6,0,4,60
0,1,23,New,2018,32733,6,5,23,57
0,1,32,New,2018,32733,6,3,28,63
0,1,0,New,2018,32733,6,5,30,63
0,1,34,New,2018,34633,7,2,11,118
0,1,0,New,2018,27333,7,4,13,49
0,1,0,New,2018,34633,7,4,13,77
0,1,0,New,2018,27198,8,4,3,19
0,1,0,New,2018,27333,8,4,3,25
0,1,79,New,2018,25133,9,3,6,3
0,1,13,Used,2007,8995,8,2,29,2
0,1,87,New,2018,39193,4,2,4,181
0,1,152,Used,2012,0,11,5,24,3
0,1,17,New,2018,36293,4,2,4,178
0,1,19,Used,2010,0,11,3,1,1
0,1,2,New,2018,38528,4,2,4,134
0,1,3,New,2018,38878,4,2,4,176
100,1,0,Used,2010,10995,7,2,18,2
0,1,12,New,2018,36128,4,2,4,162
0,1,55,New,2018,39028,5,3,10,169
0,1,3,New,2018,38693,5,3,10,159
0,1,19,New,2018,33028,4,2,4,121
0,1,9,New,2018,36378,4,2,4,148
0,1,83,Used,2014,24888,12,0,3,1
0,1,45,New,2018,33028,4,2,4,178
0,1,7,New,2018,35743,4,2,4,137
0,1,27,New,2018,35743,4,2,4,142
0,1,29,Used,2014,16995,10,3,4,1
0,1,49,New,2018,35578,4,1,10,131
0,1,25,New,2018,39378,5,3,10,73
0,1,51,New,2018,35678,6,2,13,64
0,1,45,New,2018,39543,6,2,20,101
100,1,0,Used,2003,6995,7,3,19,1
0,1,12,New,2018,39043,6,2,27,96
0,1,27,New,2018,30778,6,3,28,93
0,1,0,Used,2006,0,8,2,29,1
0,1,0,New,2018,39543,8,3,23,40
0,1,0,New,2018,28443,8,4,24,8
0,1,31,New,2018,40043,11,1,20,5
0,1,23,New,2018,33078,11,4,30,20
0,1,32,New,2018,39378,12,1,4,6
0,1,193,New,2018,22793,5,3,10,71
0,1,50,New,2018,22208,4,2,4,104
0,1,54,Used,2005,0,7,1,17,2
0,1,7,New,2018,23743,4,2,4,139
0,1,178,New,2018,23743,4,5,14,164
0,1,140,New,2018,23093,7,6,22,101
0,1,0,New,2018,23958,8,4,3,11
0,1,320,New,2018,23793,8,5,4,18
0,1,17,New,2018,22258,11,2,28,2
0,1,0,New,2018,66578,5,3,10,160
0,1,22,Used,2015,27995,6,1,26,1
100,1,0,New,2018,60178,6,0,4,144
0,1,0,New,2018,20533,9,2,26,2
0,1,1606,New,2019,37443,12,2,12,3
0,1,20,New,2019,20143,1,3,3,6
0,1,94,New,2019,45298,10,5,6,5
0,1,0,New,2019,42733,10,1,16,14
0,1,10,New,2019,45133,10,5,27,4
0,1,8,New,2019,45298,11,2,7,24
0,1,15,New,2019,45298,11,2,7,28
0,1,5,New,2019,45298,11,3,8,10
0,1,3,New,2019,39233,11,5,10,18
0,1,29,New,2019,43298,11,4,30,27
0,1,6,New,2019,45298,12,4,7,21
0,1,18,New,2019,39233,12,4,14,9
0,1,2,New,2019,43298,12,5,15,17
0,1,8,New,2019,43298,1,3,3,7
0,1,9,New,2019,45298,1,5,5,4
0,1,0,New,2019,45298,1,1,8,2
0,1,58,New,2019,43298,1,1,8,11
0,1,16,New,2019,30210,9,4,21,78
0,1,21,New,2019,30210,9,4,21,58
0,1,0,New,2019,29793,10,5,27,20
0,1,49,New,2019,29793,12,3,13,49
0,1,63,New,2019,29793,12,4,28,41
0,1,23,New,2019,28043,12,4,28,41
0,1,0,New,2019,36578,10,3,4,28
0,1,0,New,2019,37031,10,3,11,51
0,1,0,New,2019,28943,10,5,27,35
0,1,11,New,2019,35043,11,3,1,63
0,1,77,New,2019,29078,11,3,1,30
0,1,19,New,2019,31378,12,3,6,28
0,1,5,New,2019,31278,12,3,6,28
0,1,210,New,2019,39843,1,1,15,14
0,1,15,New,2019,36633,8,2,29,3
0,1,0,New,2019,38133,11,4,9,1
0,1,0,Used,2004,0,8,4,17,1
0,1,44,Used,2017,46793,4,2,4,80
0,1,22,Used,2013,0,7,5,7,0
0,1,12,Used,2018,25995,9,5,8,6
100,1,0,Used,1996,0,10,3,4,1
0,1,0,Used,2017,25995,10,4,5,5
0,1,962,Used,2019,30637,10,5,6,1
0,0,0,Used,2015,0,10,5,27,3
0,1,530,Used,2018,21995,11,5,17,3
